,Date,Hour,Period,Passengers,TMax,TMin,Rain
0,2018-07-01,6,45,1.0,22.4,15.1,0.0
1,2018-07-01,7,15,1.0,22.4,15.1,0.0
2,2018-07-01,7,30,2.0,22.4,15.1,0.0
3,2018-07-01,7,45,3.0,22.4,15.1,0.0
4,2018-07-01,8,15,5.0,22.4,15.1,0.0
5,2018-07-01,8,30,8.0,22.4,15.1,0.0
6,2018-07-01,8,45,1.0,22.4,15.1,0.0
7,2018-07-01,9,15,3.0,22.4,15.1,0.0
8,2018-07-01,9,30,4.0,22.4,15.1,0.0
9,2018-07-01,9,45,1.0,22.4,15.1,0.0
10,2018-07-01,10,0,4.0,22.4,15.1,0.0
11,2018-07-01,10,15,2.0,22.4,15.1,0.0
12,2018-07-01,10,30,3.0,22.4,15.1,0.0
13,2018-07-01,11,0,3.0,22.4,15.1,0.0
14,2018-07-01,11,15,4.0,22.4,15.1,0.0
15,2018-07-01,11,30,6.0,22.4,15.1,0.0
16,2018-07-01,12,0,10.0,22.4,15.1,0.0
17,2018-07-01,12,30,5.0,22.4,15.1,0.0
18,2018-07-01,12,45,4.0,22.4,15.1,0.0
19,2018-07-01,13,15,10.0,22.4,15.1,0.0
20,2018-07-01,13,30,12.0,22.4,15.1,0.0
21,2018-07-01,13,45,15.0,22.4,15.1,0.0
22,2018-07-01,14,15,9.0,22.4,15.1,0.0
23,2018-07-01,14,30,5.0,22.4,15.1,0.0
24,2018-07-01,14,45,5.0,22.4,15.1,0.0
25,2018-07-01,15,15,4.0,22.4,15.1,0.0
26,2018-07-01,15,30,13.0,22.4,15.1,0.0
27,2018-07-01,15,45,6.0,22.4,15.1,0.0
28,2018-07-01,16,15,3.0,22.4,15.1,0.0
29,2018-07-01,16,30,27.0,22.4,15.1,0.0
30,2018-07-01,16,45,1.0,22.4,15.1,0.0
31,2018-07-01,17,0,6.0,22.4,15.1,0.0
32,2018-07-01,17,15,9.0,22.4,15.1,0.0
33,2018-07-01,17,30,18.0,22.4,15.1,0.0
34,2018-07-01,17,45,1.0,22.4,15.1,0.0
35,2018-07-01,18,0,7.0,22.4,15.1,0.0
36,2018-07-01,18,15,19.0,22.4,15.1,0.0
37,2018-07-01,18,30,11.0,22.4,15.1,0.0
38,2018-07-01,18,45,5.0,22.4,15.1,0.0
39,2018-07-01,19,0,6.0,22.4,15.1,0.0
40,2018-07-01,19,15,6.0,22.4,15.1,0.0
339,2018-07-07,7,15,2.0,24.9,18.2,2.6
340,2018-07-07,7,45,2.0,24.9,18.2,2.6
341,2018-07-07,8,0,4.0,24.9,18.2,2.6
342,2018-07-07,8,15,6.0,24.9,18.2,2.6
343,2018-07-07,8,45,4.0,24.9,18.2,2.6
344,2018-07-07,9,0,5.0,24.9,18.2,2.6
345,2018-07-07,9,15,4.0,24.9,18.2,2.6
346,2018-07-07,9,30,4.0,24.9,18.2,2.6
347,2018-07-07,10,0,4.0,24.9,18.2,2.6
348,2018-07-07,10,15,4.0,24.9,18.2,2.6
349,2018-07-07,10,30,7.0,24.9,18.2,2.6
350,2018-07-07,10,45,6.0,24.9,18.2,2.6
351,2018-07-07,11,0,5.0,24.9,18.2,2.6
352,2018-07-07,11,30,11.0,24.9,18.2,2.6
353,2018-07-07,11,45,8.0,24.9,18.2,2.6
354,2018-07-07,12,0,8.0,24.9,18.2,2.6
355,2018-07-07,12,15,2.0,24.9,18.2,2.6
356,2018-07-07,12,30,24.0,24.9,18.2,2.6
357,2018-07-07,12,45,7.0,24.9,18.2,2.6
358,2018-07-07,13,0,31.0,24.9,18.2,2.6
359,2018-07-07,13,15,12.0,24.9,18.2,2.6
360,2018-07-07,13,30,3.0,24.9,18.2,2.6
361,2018-07-07,13,45,15.0,24.9,18.2,2.6
362,2018-07-07,14,0,50.0,24.9,18.2,2.6
363,2018-07-07,14,15,27.0,24.9,18.2,2.6
364,2018-07-07,14,30,7.0,24.9,18.2,2.6
365,2018-07-07,14,45,12.0,24.9,18.2,2.6
366,2018-07-07,15,15,27.0,24.9,18.2,2.6
367,2018-07-07,15,30,8.0,24.9,18.2,2.6
368,2018-07-07,15,45,15.0,24.9,18.2,2.6
369,2018-07-07,16,0,9.0,24.9,18.2,2.6
370,2018-07-07,16,15,2.0,24.9,18.2,2.6
371,2018-07-07,16,30,17.0,24.9,18.2,2.6
372,2018-07-07,16,45,5.0,24.9,18.2,2.6
373,2018-07-07,17,0,3.0,24.9,18.2,2.6
374,2018-07-07,17,15,35.0,24.9,18.2,2.6
375,2018-07-07,17,30,9.0,24.9,18.2,2.6
376,2018-07-07,17,45,9.0,24.9,18.2,2.6
377,2018-07-07,18,0,16.0,24.9,18.2,2.6
378,2018-07-07,18,30,31.0,24.9,18.2,2.6
379,2018-07-07,18,45,10.0,24.9,18.2,2.6
380,2018-07-07,19,0,6.0,24.9,18.2,2.6
381,2018-07-07,19,15,1.0,24.9,18.2,2.6
382,2018-07-08,7,15,3.0,20.4,9.7,0.2
383,2018-07-08,7,45,3.0,20.4,9.7,0.2
384,2018-07-08,8,0,5.0,20.4,9.7,0.2
385,2018-07-08,9,0,5.0,20.4,9.7,0.2
386,2018-07-08,9,15,7.0,20.4,9.7,0.2
387,2018-07-08,9,45,4.0,20.4,9.7,0.2
388,2018-07-08,10,0,3.0,20.4,9.7,0.2
389,2018-07-08,10,30,11.0,20.4,9.7,0.2
390,2018-07-08,10,45,7.0,20.4,9.7,0.2
391,2018-07-08,11,0,1.0,20.4,9.7,0.2
392,2018-07-08,11,15,4.0,20.4,9.7,0.2
393,2018-07-08,11,30,2.0,20.4,9.7,0.2
394,2018-07-08,11,45,12.0,20.4,9.7,0.2
395,2018-07-08,12,0,7.0,20.4,9.7,0.2
396,2018-07-08,12,15,11.0,20.4,9.7,0.2
397,2018-07-08,12,30,12.0,20.4,9.7,0.2
398,2018-07-08,12,45,7.0,20.4,9.7,0.2
399,2018-07-08,13,0,9.0,20.4,9.7,0.2
400,2018-07-08,13,15,3.0,20.4,9.7,0.2
401,2018-07-08,13,45,11.0,20.4,9.7,0.2
402,2018-07-08,14,0,8.0,20.4,9.7,0.2
403,2018-07-08,14,15,7.0,20.4,9.7,0.2
404,2018-07-08,14,30,3.0,20.4,9.7,0.2
405,2018-07-08,14,45,7.0,20.4,9.7,0.2
406,2018-07-08,15,0,9.0,20.4,9.7,0.2
407,2018-07-08,15,30,13.0,20.4,9.7,0.2
408,2018-07-08,15,45,8.0,20.4,9.7,0.2
409,2018-07-08,16,15,10.0,20.4,9.7,0.2
410,2018-07-08,16,30,5.0,20.4,9.7,0.2
411,2018-07-08,17,0,9.0,20.4,9.7,0.2
412,2018-07-08,17,15,24.0,20.4,9.7,0.2
413,2018-07-08,17,30,13.0,20.4,9.7,0.2
414,2018-07-08,17,45,1.0,20.4,9.7,0.2
415,2018-07-08,18,0,6.0,20.4,9.7,0.2
416,2018-07-08,18,15,10.0,20.4,9.7,0.2
417,2018-07-08,18,30,12.0,20.4,9.7,0.2
418,2018-07-08,19,0,7.0,20.4,9.7,0.2
419,2018-07-08,19,15,6.0,20.4,9.7,0.2
727,2018-07-14,7,0,2.0,21.0,6.7,0.0
728,2018-07-14,7,30,3.0,21.0,6.7,0.0
729,2018-07-14,8,0,2.0,21.0,6.7,0.0
730,2018-07-14,8,15,5.0,21.0,6.7,0.0
731,2018-07-14,8,30,2.0,21.0,6.7,0.0
732,2018-07-14,8,45,1.0,21.0,6.7,0.0
733,2018-07-14,9,0,6.0,21.0,6.7,0.0
734,2018-07-14,9,15,1.0,21.0,6.7,0.0
735,2018-07-14,9,30,5.0,21.0,6.7,0.0
736,2018-07-14,9,45,1.0,21.0,6.7,0.0
737,2018-07-14,10,0,6.0,21.0,6.7,0.0
738,2018-07-14,10,15,7.0,21.0,6.7,0.0
739,2018-07-14,10,45,8.0,21.0,6.7,0.0
740,2018-07-14,11,0,7.0,21.0,6.7,0.0
741,2018-07-14,11,30,28.0,21.0,6.7,0.0
742,2018-07-14,11,45,1.0,21.0,6.7,0.0
743,2018-07-14,12,0,7.0,21.0,6.7,0.0
744,2018-07-14,12,15,10.0,21.0,6.7,0.0
745,2018-07-14,12,45,13.0,21.0,6.7,0.0
746,2018-07-14,13,0,8.0,21.0,6.7,0.0
747,2018-07-14,13,15,14.0,21.0,6.7,0.0
748,2018-07-14,13,45,20.0,21.0,6.7,0.0
749,2018-07-14,14,15,20.0,21.0,6.7,0.0
750,2018-07-14,14,30,20.0,21.0,6.7,0.0
751,2018-07-14,15,0,14.0,21.0,6.7,0.0
752,2018-07-14,15,15,40.0,21.0,6.7,0.0
753,2018-07-14,15,30,1.0,21.0,6.7,0.0
754,2018-07-14,15,45,9.0,21.0,6.7,0.0
755,2018-07-14,16,0,9.0,21.0,6.7,0.0
756,2018-07-14,16,15,13.0,21.0,6.7,0.0
757,2018-07-14,16,30,15.0,21.0,6.7,0.0
758,2018-07-14,16,45,12.0,21.0,6.7,0.0
759,2018-07-14,17,0,5.0,21.0,6.7,0.0
760,2018-07-14,17,15,19.0,21.0,6.7,0.0
761,2018-07-14,17,30,11.0,21.0,6.7,0.0
762,2018-07-14,17,45,6.0,21.0,6.7,0.0
763,2018-07-14,18,0,4.0,21.0,6.7,0.0
764,2018-07-14,18,15,17.0,21.0,6.7,0.0
765,2018-07-14,18,30,9.0,21.0,6.7,0.0
766,2018-07-14,18,45,1.0,21.0,6.7,0.0
767,2018-07-14,19,0,17.0,21.0,6.7,0.0
768,2018-07-15,7,0,1.0,21.6,5.2,0.0
769,2018-07-15,7,15,3.0,21.6,5.2,0.0
770,2018-07-15,8,0,1.0,21.6,5.2,0.0
771,2018-07-15,8,15,2.0,21.6,5.2,0.0
772,2018-07-15,8,30,1.0,21.6,5.2,0.0
773,2018-07-15,9,0,2.0,21.6,5.2,0.0
774,2018-07-15,9,15,2.0,21.6,5.2,0.0
775,2018-07-15,9,30,5.0,21.6,5.2,0.0
776,2018-07-15,9,45,1.0,21.6,5.2,0.0
777,2018-07-15,10,0,4.0,21.6,5.2,0.0
778,2018-07-15,10,15,4.0,21.6,5.2,0.0
779,2018-07-15,10,30,7.0,21.6,5.2,0.0
780,2018-07-15,10,45,2.0,21.6,5.2,0.0
781,2018-07-15,11,15,3.0,21.6,5.2,0.0
782,2018-07-15,11,30,19.0,21.6,5.2,0.0
783,2018-07-15,11,45,8.0,21.6,5.2,0.0
784,2018-07-15,12,15,6.0,21.6,5.2,0.0
785,2018-07-15,12,30,21.0,21.6,5.2,0.0
786,2018-07-15,12,45,19.0,21.6,5.2,0.0
787,2018-07-15,13,15,18.0,21.6,5.2,0.0
788,2018-07-15,13,30,10.0,21.6,5.2,0.0
789,2018-07-15,13,45,15.0,21.6,5.2,0.0
790,2018-07-15,14,15,34.0,21.6,5.2,0.0
791,2018-07-15,14,45,24.0,21.6,5.2,0.0
792,2018-07-15,15,0,12.0,21.6,5.2,0.0
793,2018-07-15,15,30,4.0,21.6,5.2,0.0
794,2018-07-15,15,45,19.0,21.6,5.2,0.0
795,2018-07-15,16,0,18.0,21.6,5.2,0.0
796,2018-07-15,16,30,8.0,21.6,5.2,0.0
797,2018-07-15,16,45,18.0,21.6,5.2,0.0
798,2018-07-15,17,0,14.0,21.6,5.2,0.0
799,2018-07-15,17,30,18.0,21.6,5.2,0.0
800,2018-07-15,17,45,18.0,21.6,5.2,0.0
801,2018-07-15,18,0,4.0,21.6,5.2,0.0
802,2018-07-15,18,30,17.0,21.6,5.2,0.0
803,2018-07-15,18,45,5.0,21.6,5.2,0.0
804,2018-07-15,19,0,24.0,21.6,5.2,0.0
805,2018-07-15,19,15,4.0,21.6,5.2,0.0
1111,2018-07-21,7,0,5.0,20.2,9.8,0.0
1112,2018-07-21,7,15,6.0,20.2,9.8,0.0
1113,2018-07-21,7,45,9.0,20.2,9.8,0.0
1114,2018-07-21,8,0,4.0,20.2,9.8,0.0
1115,2018-07-21,8,15,14.0,20.2,9.8,0.0
1116,2018-07-21,8,45,6.0,20.2,9.8,0.0
1117,2018-07-21,9,0,10.0,20.2,9.8,0.0
1118,2018-07-21,9,15,12.0,20.2,9.8,0.0
1119,2018-07-21,9,30,3.0,20.2,9.8,0.0
1120,2018-07-21,9,45,2.0,20.2,9.8,0.0
1121,2018-07-21,10,0,5.0,20.2,9.8,0.0
1122,2018-07-21,10,15,5.0,20.2,9.8,0.0
1123,2018-07-21,10,30,8.0,20.2,9.8,0.0
1124,2018-07-21,10,45,12.0,20.2,9.8,0.0
1125,2018-07-21,11,0,13.0,20.2,9.8,0.0
1126,2018-07-21,11,30,24.0,20.2,9.8,0.0
1127,2018-07-21,12,0,21.0,20.2,9.8,0.0
1128,2018-07-21,12,15,12.0,20.2,9.8,0.0
1129,2018-07-21,12,30,34.0,20.2,9.8,0.0
1130,2018-07-21,12,45,16.0,20.2,9.8,0.0
1131,2018-07-21,13,0,7.0,20.2,9.8,0.0
1132,2018-07-21,13,15,28.0,20.2,9.8,0.0
1133,2018-07-21,13,30,3.0,20.2,9.8,0.0
1134,2018-07-21,13,45,24.0,20.2,9.8,0.0
1135,2018-07-21,14,0,16.0,20.2,9.8,0.0
1136,2018-07-21,14,15,19.0,20.2,9.8,0.0
1137,2018-07-21,14,30,16.0,20.2,9.8,0.0
1138,2018-07-21,15,0,24.0,20.2,9.8,0.0
1139,2018-07-21,15,15,18.0,20.2,9.8,0.0
1140,2018-07-21,15,45,14.0,20.2,9.8,0.0
1141,2018-07-21,16,0,20.0,20.2,9.8,0.0
1142,2018-07-21,16,15,18.0,20.2,9.8,0.0
1143,2018-07-21,16,30,15.0,20.2,9.8,0.0
1144,2018-07-21,16,45,14.0,20.2,9.8,0.0
1145,2018-07-21,17,0,36.0,20.2,9.8,0.0
1146,2018-07-21,17,15,1.0,20.2,9.8,0.0
1147,2018-07-21,17,30,47.0,20.2,9.8,0.0
1148,2018-07-21,17,45,2.0,20.2,9.8,0.0
1149,2018-07-21,18,0,65.0,20.2,9.8,0.0
1150,2018-07-21,18,15,17.0,20.2,9.8,0.0
1151,2018-07-21,18,30,38.0,20.2,9.8,0.0
1152,2018-07-21,18,45,2.0,20.2,9.8,0.0
1153,2018-07-21,19,0,22.0,20.2,9.8,0.0
1154,2018-07-22,7,30,3.0,20.7,7.8,0.0
1155,2018-07-22,8,0,2.0,20.7,7.8,0.0
1156,2018-07-22,8,45,4.0,20.7,7.8,0.0
1157,2018-07-22,9,0,5.0,20.7,7.8,0.0
1158,2018-07-22,9,30,12.0,20.7,7.8,0.0
1159,2018-07-22,9,45,10.0,20.7,7.8,0.0
1160,2018-07-22,10,0,1.0,20.7,7.8,0.0
1161,2018-07-22,10,30,4.0,20.7,7.8,0.0
1162,2018-07-22,10,45,6.0,20.7,7.8,0.0
1163,2018-07-22,11,0,8.0,20.7,7.8,0.0
1164,2018-07-22,11,15,4.0,20.7,7.8,0.0
1165,2018-07-22,11,30,12.0,20.7,7.8,0.0
1166,2018-07-22,11,45,24.0,20.7,7.8,0.0
1167,2018-07-22,12,0,2.0,20.7,7.8,0.0
1168,2018-07-22,12,30,12.0,20.7,7.8,0.0
1169,2018-07-22,12,45,16.0,20.7,7.8,0.0
1170,2018-07-22,13,0,8.0,20.7,7.8,0.0
1171,2018-07-22,13,30,12.0,20.7,7.8,0.0
1172,2018-07-22,13,45,28.0,20.7,7.8,0.0
1173,2018-07-22,14,15,7.0,20.7,7.8,0.0
1174,2018-07-22,14,30,4.0,20.7,7.8,0.0
1175,2018-07-22,14,45,23.0,20.7,7.8,0.0
1176,2018-07-22,15,30,22.0,20.7,7.8,0.0
1177,2018-07-22,15,45,14.0,20.7,7.8,0.0
1178,2018-07-22,16,0,5.0,20.7,7.8,0.0
1179,2018-07-22,16,15,6.0,20.7,7.8,0.0
1180,2018-07-22,16,30,9.0,20.7,7.8,0.0
1181,2018-07-22,16,45,22.0,20.7,7.8,0.0
1182,2018-07-22,17,0,2.0,20.7,7.8,0.0
1183,2018-07-22,17,15,12.0,20.7,7.8,0.0
1184,2018-07-22,17,30,17.0,20.7,7.8,0.0
1185,2018-07-22,17,45,23.0,20.7,7.8,0.0
1186,2018-07-22,18,0,44.0,20.7,7.8,0.0
1187,2018-07-22,18,15,4.0,20.7,7.8,0.0
1188,2018-07-22,18,30,16.0,20.7,7.8,0.0
1189,2018-07-22,18,45,12.0,20.7,7.8,0.0
1190,2018-07-22,19,0,22.0,20.7,7.8,0.0
8583,2018-12-01,7,0,2.0,33.3,21.6,0.0
8584,2018-12-01,8,0,7.0,33.3,21.6,0.0
8585,2018-12-01,8,15,2.0,33.3,21.6,0.0
8586,2018-12-01,8,45,4.0,33.3,21.6,0.0
8587,2018-12-01,9,0,7.0,33.3,21.6,0.0
8588,2018-12-01,9,30,22.0,33.3,21.6,0.0
8589,2018-12-01,10,0,7.0,33.3,21.6,0.0
8590,2018-12-01,10,15,10.0,33.3,21.6,0.0
8591,2018-12-01,10,30,12.0,33.3,21.6,0.0
8592,2018-12-01,11,0,3.0,33.3,21.6,0.0
8593,2018-12-01,11,15,2.0,33.3,21.6,0.0
8594,2018-12-01,11,30,8.0,33.3,21.6,0.0
8595,2018-12-01,11,45,1.0,33.3,21.6,0.0
8596,2018-12-01,12,0,9.0,33.3,21.6,0.0
8597,2018-12-01,12,15,3.0,33.3,21.6,0.0
8598,2018-12-01,12,30,16.0,33.3,21.6,0.0
8599,2018-12-01,13,0,10.0,33.3,21.6,0.0
8600,2018-12-01,13,15,14.0,33.3,21.6,0.0
8601,2018-12-01,13,30,7.0,33.3,21.6,0.0
8602,2018-12-01,13,45,7.0,33.3,21.6,0.0
8603,2018-12-01,14,0,9.0,33.3,21.6,0.0
8604,2018-12-01,14,30,34.0,33.3,21.6,0.0
8605,2018-12-01,14,45,16.0,33.3,21.6,0.0
8606,2018-12-01,15,0,4.0,33.3,21.6,0.0
8607,2018-12-01,15,15,14.0,33.3,21.6,0.0
8608,2018-12-01,15,30,1.0,33.3,21.6,0.0
8609,2018-12-01,15,45,13.0,33.3,21.6,0.0
8610,2018-12-01,16,0,35.0,33.3,21.6,0.0
8611,2018-12-01,16,15,1.0,33.3,21.6,0.0
8612,2018-12-01,16,30,19.0,33.3,21.6,0.0
8613,2018-12-01,16,45,12.0,33.3,21.6,0.0
8614,2018-12-01,17,0,20.0,33.3,21.6,0.0
8615,2018-12-01,17,30,8.0,33.3,21.6,0.0
8616,2018-12-01,17,45,3.0,33.3,21.6,0.0
8617,2018-12-01,18,0,17.0,33.3,21.6,0.0
8618,2018-12-01,18,15,22.0,33.3,21.6,0.0
8619,2018-12-01,18,30,22.0,33.3,21.6,0.0
8620,2018-12-01,18,45,3.0,33.3,21.6,0.0
8621,2018-12-01,19,0,19.0,33.3,21.6,0.0
8622,2018-12-01,19,15,1.0,33.3,21.6,0.0
8623,2018-12-02,7,0,2.0,34.7,22.5,0.0
8624,2018-12-02,7,45,1.0,34.7,22.5,0.0
8625,2018-12-02,8,0,2.0,34.7,22.5,0.0
8626,2018-12-02,8,45,2.0,34.7,22.5,0.0
8627,2018-12-02,9,0,1.0,34.7,22.5,0.0
8628,2018-12-02,9,15,2.0,34.7,22.5,0.0
8629,2018-12-02,9,30,2.0,34.7,22.5,0.0
8630,2018-12-02,9,45,6.0,34.7,22.5,0.0
8631,2018-12-02,10,0,1.0,34.7,22.5,0.0
8632,2018-12-02,10,30,1.0,34.7,22.5,0.0
8633,2018-12-02,10,45,2.0,34.7,22.5,0.0
8634,2018-12-02,11,0,5.0,34.7,22.5,0.0
8635,2018-12-02,11,15,3.0,34.7,22.5,0.0
8636,2018-12-02,11,30,1.0,34.7,22.5,0.0
8637,2018-12-02,12,0,10.0,34.7,22.5,0.0
8638,2018-12-02,12,30,7.0,34.7,22.5,0.0
8639,2018-12-02,12,45,5.0,34.7,22.5,0.0
8640,2018-12-02,13,15,9.0,34.7,22.5,0.0
8641,2018-12-02,13,30,26.0,34.7,22.5,0.0
8642,2018-12-02,13,45,9.0,34.7,22.5,0.0
8643,2018-12-02,14,0,14.0,34.7,22.5,0.0
8644,2018-12-02,14,15,8.0,34.7,22.5,0.0
8645,2018-12-02,14,30,7.0,34.7,22.5,0.0
8646,2018-12-02,14,45,5.0,34.7,22.5,0.0
8647,2018-12-02,15,0,1.0,34.7,22.5,0.0
8648,2018-12-02,15,15,6.0,34.7,22.5,0.0
8649,2018-12-02,15,30,3.0,34.7,22.5,0.0
8650,2018-12-02,15,45,5.0,34.7,22.5,0.0
8651,2018-12-02,16,0,21.0,34.7,22.5,0.0
8652,2018-12-02,16,15,1.0,34.7,22.5,0.0
8653,2018-12-02,16,30,13.0,34.7,22.5,0.0
8654,2018-12-02,16,45,18.0,34.7,22.5,0.0
8655,2018-12-02,17,0,19.0,34.7,22.5,0.0
8656,2018-12-02,17,30,4.0,34.7,22.5,0.0
8657,2018-12-02,17,45,17.0,34.7,22.5,0.0
8658,2018-12-02,18,15,16.0,34.7,22.5,0.0
8659,2018-12-02,18,30,9.0,34.7,22.5,0.0
8660,2018-12-02,18,45,27.0,34.7,22.5,0.0
8661,2018-12-02,19,0,14.0,34.7,22.5,0.0
8972,2018-12-08,7,0,3.0,27.4,19.9,0.0
8973,2018-12-08,7,15,1.0,27.4,19.9,0.0
8974,2018-12-08,7,45,7.0,27.4,19.9,0.0
8975,2018-12-08,8,15,6.0,27.4,19.9,0.0
8976,2018-12-08,8,45,5.0,27.4,19.9,0.0
8977,2018-12-08,9,15,9.0,27.4,19.9,0.0
8978,2018-12-08,9,45,9.0,27.4,19.9,0.0
8979,2018-12-08,10,0,3.0,27.4,19.9,0.0
8980,2018-12-08,10,30,6.0,27.4,19.9,0.0
8981,2018-12-08,10,45,2.0,27.4,19.9,0.0
8982,2018-12-08,11,15,7.0,27.4,19.9,0.0
8983,2018-12-08,11,30,21.0,27.4,19.9,0.0
8984,2018-12-08,11,45,2.0,27.4,19.9,0.0
8985,2018-12-08,12,0,13.0,27.4,19.9,0.0
8986,2018-12-08,12,15,1.0,27.4,19.9,0.0
8987,2018-12-08,12,30,44.0,27.4,19.9,0.0
8988,2018-12-08,12,45,1.0,27.4,19.9,0.0
8989,2018-12-08,13,0,28.0,27.4,19.9,0.0
8990,2018-12-08,13,15,6.0,27.4,19.9,0.0
8991,2018-12-08,13,30,73.0,27.4,19.9,0.0
8992,2018-12-08,13,45,38.0,27.4,19.9,0.0
8993,2018-12-08,14,0,20.0,27.4,19.9,0.0
8994,2018-12-08,14,15,35.0,27.4,19.9,0.0
8995,2018-12-08,14,30,7.0,27.4,19.9,0.0
8996,2018-12-08,14,45,23.0,27.4,19.9,0.0
8997,2018-12-08,15,0,25.0,27.4,19.9,0.0
8998,2018-12-08,15,15,21.0,27.4,19.9,0.0
8999,2018-12-08,15,30,19.0,27.4,19.9,0.0
9000,2018-12-08,15,45,35.0,27.4,19.9,0.0
9001,2018-12-08,16,0,22.0,27.4,19.9,0.0
9002,2018-12-08,16,15,27.0,27.4,19.9,0.0
9003,2018-12-08,16,30,30.0,27.4,19.9,0.0
9004,2018-12-08,16,45,18.0,27.4,19.9,0.0
9005,2018-12-08,17,0,20.0,27.4,19.9,0.0
9006,2018-12-08,17,15,2.0,27.4,19.9,0.0
9007,2018-12-08,17,30,41.0,27.4,19.9,0.0
9008,2018-12-08,17,45,13.0,27.4,19.9,0.0
9009,2018-12-08,18,0,17.0,27.4,19.9,0.0
9010,2018-12-08,18,15,11.0,27.4,19.9,0.0
9011,2018-12-08,18,30,22.0,27.4,19.9,0.0
9012,2018-12-08,18,45,8.0,27.4,19.9,0.0
9013,2018-12-08,19,0,15.0,27.4,19.9,0.0
9014,2018-12-09,7,0,1.0,29.1,19.8,0.0
9015,2018-12-09,8,30,2.0,29.1,19.8,0.0
9016,2018-12-09,8,45,5.0,29.1,19.8,0.0
9017,2018-12-09,9,15,10.0,29.1,19.8,0.0
9018,2018-12-09,9,45,2.0,29.1,19.8,0.0
9019,2018-12-09,10,15,1.0,29.1,19.8,0.0
9020,2018-12-09,10,30,8.0,29.1,19.8,0.0
9021,2018-12-09,11,0,2.0,29.1,19.8,0.0
9022,2018-12-09,11,15,2.0,29.1,19.8,0.0
9023,2018-12-09,11,30,3.0,29.1,19.8,0.0
9024,2018-12-09,11,45,1.0,29.1,19.8,0.0
9025,2018-12-09,12,0,6.0,29.1,19.8,0.0
9026,2018-12-09,12,30,11.0,29.1,19.8,0.0
9027,2018-12-09,12,45,7.0,29.1,19.8,0.0
9028,2018-12-09,13,0,6.0,29.1,19.8,0.0
9029,2018-12-09,13,15,1.0,29.1,19.8,0.0
9030,2018-12-09,13,30,5.0,29.1,19.8,0.0
9031,2018-12-09,13,45,10.0,29.1,19.8,0.0
9032,2018-12-09,14,15,1.0,29.1,19.8,0.0
9033,2018-12-09,14,30,1.0,29.1,19.8,0.0
9034,2018-12-09,14,45,13.0,29.1,19.8,0.0
9035,2018-12-09,15,0,2.0,29.1,19.8,0.0
9036,2018-12-09,15,15,6.0,29.1,19.8,0.0
9037,2018-12-09,15,30,12.0,29.1,19.8,0.0
9038,2018-12-09,15,45,1.0,29.1,19.8,0.0
9039,2018-12-09,16,0,16.0,29.1,19.8,0.0
9040,2018-12-09,16,30,12.0,29.1,19.8,0.0
9041,2018-12-09,16,45,9.0,29.1,19.8,0.0
9042,2018-12-09,17,0,11.0,29.1,19.8,0.0
9043,2018-12-09,17,15,16.0,29.1,19.8,0.0
9044,2018-12-09,17,30,18.0,29.1,19.8,0.0
9045,2018-12-09,17,45,8.0,29.1,19.8,0.0
9046,2018-12-09,18,0,10.0,29.1,19.8,0.0
9047,2018-12-09,18,15,6.0,29.1,19.8,0.0
9048,2018-12-09,18,30,22.0,29.1,19.8,0.0
9049,2018-12-09,18,45,7.0,29.1,19.8,0.0
9050,2018-12-09,19,0,12.0,29.1,19.8,0.0
9051,2018-12-09,19,15,3.0,29.1,19.8,0.0
9355,2018-12-15,7,0,2.0,31.0,22.4,3.0
9356,2018-12-15,7,15,2.0,31.0,22.4,3.0
9357,2018-12-15,7,30,1.0,31.0,22.4,3.0
9358,2018-12-15,8,0,2.0,31.0,22.4,3.0
9359,2018-12-15,8,15,1.0,31.0,22.4,3.0
9360,2018-12-15,8,30,6.0,31.0,22.4,3.0
9361,2018-12-15,9,0,4.0,31.0,22.4,3.0
9362,2018-12-15,9,15,4.0,31.0,22.4,3.0
9363,2018-12-15,9,30,2.0,31.0,22.4,3.0
9364,2018-12-15,10,0,3.0,31.0,22.4,3.0
9365,2018-12-15,10,15,7.0,31.0,22.4,3.0
9366,2018-12-15,10,30,4.0,31.0,22.4,3.0
9367,2018-12-15,11,0,4.0,31.0,22.4,3.0
9368,2018-12-15,11,30,2.0,31.0,22.4,3.0
9369,2018-12-15,11,45,6.0,31.0,22.4,3.0
9370,2018-12-15,12,0,1.0,31.0,22.4,3.0
9371,2018-12-15,12,15,14.0,31.0,22.4,3.0
9372,2018-12-15,12,30,2.0,31.0,22.4,3.0
9373,2018-12-15,13,0,8.0,31.0,22.4,3.0
9374,2018-12-15,13,15,16.0,31.0,22.4,3.0
9375,2018-12-15,13,45,14.0,31.0,22.4,3.0
9376,2018-12-15,14,15,15.0,31.0,22.4,3.0
9377,2018-12-15,14,30,19.0,31.0,22.4,3.0
9378,2018-12-15,14,45,6.0,31.0,22.4,3.0
9379,2018-12-15,15,0,11.0,31.0,22.4,3.0
9380,2018-12-15,15,15,10.0,31.0,22.4,3.0
9381,2018-12-15,15,30,10.0,31.0,22.4,3.0
9382,2018-12-15,15,45,11.0,31.0,22.4,3.0
9383,2018-12-15,16,0,6.0,31.0,22.4,3.0
9384,2018-12-15,16,15,8.0,31.0,22.4,3.0
9385,2018-12-15,16,30,16.0,31.0,22.4,3.0
9386,2018-12-15,17,0,12.0,31.0,22.4,3.0
9387,2018-12-15,17,15,6.0,31.0,22.4,3.0
9388,2018-12-15,17,30,22.0,31.0,22.4,3.0
9389,2018-12-15,17,45,2.0,31.0,22.4,3.0
9390,2018-12-15,18,0,18.0,31.0,22.4,3.0
9391,2018-12-15,18,30,24.0,31.0,22.4,3.0
9392,2018-12-15,18,45,1.0,31.0,22.4,3.0
9393,2018-12-15,19,0,19.0,31.0,22.4,3.0
9394,2018-12-15,19,15,1.0,31.0,22.4,3.0
9395,2018-12-16,6,45,1.0,25.9,23.5,9.0
9396,2018-12-16,7,45,2.0,25.9,23.5,9.0
9397,2018-12-16,8,15,2.0,25.9,23.5,9.0
9398,2018-12-16,8,45,3.0,25.9,23.5,9.0
9399,2018-12-16,9,15,1.0,25.9,23.5,9.0
9400,2018-12-16,9,30,1.0,25.9,23.5,9.0
9401,2018-12-16,9,45,5.0,25.9,23.5,9.0
9402,2018-12-16,10,0,2.0,25.9,23.5,9.0
9403,2018-12-16,10,15,4.0,25.9,23.5,9.0
9404,2018-12-16,10,30,4.0,25.9,23.5,9.0
9405,2018-12-16,11,0,2.0,25.9,23.5,9.0
9406,2018-12-16,11,15,2.0,25.9,23.5,9.0
9407,2018-12-16,11,30,3.0,25.9,23.5,9.0
9408,2018-12-16,11,45,7.0,25.9,23.5,9.0
9409,2018-12-16,12,0,7.0,25.9,23.5,9.0
9410,2018-12-16,12,30,4.0,25.9,23.5,9.0
9411,2018-12-16,12,45,16.0,25.9,23.5,9.0
9412,2018-12-16,13,15,4.0,25.9,23.5,9.0
9413,2018-12-16,13,30,5.0,25.9,23.5,9.0
9414,2018-12-16,13,45,7.0,25.9,23.5,9.0
9415,2018-12-16,14,0,5.0,25.9,23.5,9.0
9416,2018-12-16,14,15,3.0,25.9,23.5,9.0
9417,2018-12-16,14,30,5.0,25.9,23.5,9.0
9418,2018-12-16,14,45,2.0,25.9,23.5,9.0
9419,2018-12-16,15,15,3.0,25.9,23.5,9.0
9420,2018-12-16,15,30,5.0,25.9,23.5,9.0
9421,2018-12-16,15,45,5.0,25.9,23.5,9.0
9422,2018-12-16,16,0,3.0,25.9,23.5,9.0
9423,2018-12-16,16,15,3.0,25.9,23.5,9.0
9424,2018-12-16,16,30,11.0,25.9,23.5,9.0
9425,2018-12-16,16,45,1.0,25.9,23.5,9.0
9426,2018-12-16,17,0,1.0,25.9,23.5,9.0
9427,2018-12-16,17,15,5.0,25.9,23.5,9.0
9428,2018-12-16,17,30,8.0,25.9,23.5,9.0
9429,2018-12-16,17,45,4.0,25.9,23.5,9.0
9430,2018-12-16,18,0,3.0,25.9,23.5,9.0
9431,2018-12-16,18,15,1.0,25.9,23.5,9.0
9432,2018-12-16,18,30,8.0,25.9,23.5,9.0
9433,2018-12-16,18,45,2.0,25.9,23.5,9.0
9434,2018-12-16,19,0,5.0,25.9,23.5,9.0
9435,2018-12-16,19,15,1.0,25.9,23.5,9.0
9733,2018-12-22,7,0,1.0,35.7,23.2,3.0
9734,2018-12-22,7,30,3.0,35.7,23.2,3.0
9735,2018-12-22,8,0,2.0,35.7,23.2,3.0
9736,2018-12-22,8,15,4.0,35.7,23.2,3.0
9737,2018-12-22,8,30,2.0,35.7,23.2,3.0
9738,2018-12-22,9,0,2.0,35.7,23.2,3.0
9739,2018-12-22,9,15,9.0,35.7,23.2,3.0
9740,2018-12-22,9,30,1.0,35.7,23.2,3.0
9741,2018-12-22,10,0,7.0,35.7,23.2,3.0
9742,2018-12-22,10,15,3.0,35.7,23.2,3.0
9743,2018-12-22,10,30,5.0,35.7,23.2,3.0
9744,2018-12-22,10,45,4.0,35.7,23.2,3.0
9745,2018-12-22,11,0,3.0,35.7,23.2,3.0
9746,2018-12-22,11,30,4.0,35.7,23.2,3.0
9747,2018-12-22,11,45,2.0,35.7,23.2,3.0
9748,2018-12-22,12,0,5.0,35.7,23.2,3.0
9749,2018-12-22,12,15,2.0,35.7,23.2,3.0
9750,2018-12-22,12,30,8.0,35.7,23.2,3.0
9751,2018-12-22,13,0,2.0,35.7,23.2,3.0
9752,2018-12-22,13,15,1.0,35.7,23.2,3.0
9753,2018-12-22,13,30,6.0,35.7,23.2,3.0
9754,2018-12-22,13,45,7.0,35.7,23.2,3.0
9755,2018-12-22,14,15,3.0,35.7,23.2,3.0
9756,2018-12-22,14,30,4.0,35.7,23.2,3.0
9757,2018-12-22,14,45,4.0,35.7,23.2,3.0
9758,2018-12-22,15,0,3.0,35.7,23.2,3.0
9759,2018-12-22,15,15,4.0,35.7,23.2,3.0
9760,2018-12-22,15,30,1.0,35.7,23.2,3.0
9761,2018-12-22,15,45,12.0,35.7,23.2,3.0
9762,2018-12-22,16,0,10.0,35.7,23.2,3.0
9763,2018-12-22,16,15,3.0,35.7,23.2,3.0
9764,2018-12-22,16,30,8.0,35.7,23.2,3.0
9765,2018-12-22,16,45,13.0,35.7,23.2,3.0
9766,2018-12-22,17,15,10.0,35.7,23.2,3.0
9767,2018-12-22,17,30,8.0,35.7,23.2,3.0
9768,2018-12-22,17,45,14.0,35.7,23.2,3.0
9769,2018-12-22,18,0,9.0,35.7,23.2,3.0
9770,2018-12-22,18,15,7.0,35.7,23.2,3.0
9771,2018-12-22,18,30,3.0,35.7,23.2,3.0
9772,2018-12-22,18,45,4.0,35.7,23.2,3.0
9773,2018-12-22,19,0,8.0,35.7,23.2,3.0
9774,2018-12-23,7,0,1.0,28.6,19.9,0.0
9775,2018-12-23,7,30,2.0,28.6,19.9,0.0
9776,2018-12-23,8,0,2.0,28.6,19.9,0.0
9777,2018-12-23,8,30,3.0,28.6,19.9,0.0
9778,2018-12-23,8,45,3.0,28.6,19.9,0.0
9779,2018-12-23,9,0,4.0,28.6,19.9,0.0
9780,2018-12-23,9,30,1.0,28.6,19.9,0.0
9781,2018-12-23,10,0,1.0,28.6,19.9,0.0
9782,2018-12-23,10,45,7.0,28.6,19.9,0.0
9783,2018-12-23,11,0,3.0,28.6,19.9,0.0
9784,2018-12-23,11,30,3.0,28.6,19.9,0.0
9785,2018-12-23,11,45,5.0,28.6,19.9,0.0
9786,2018-12-23,12,0,1.0,28.6,19.9,0.0
9787,2018-12-23,12,15,5.0,28.6,19.9,0.0
9788,2018-12-23,12,30,3.0,28.6,19.9,0.0
9789,2018-12-23,12,45,3.0,28.6,19.9,0.0
9790,2018-12-23,13,0,5.0,28.6,19.9,0.0
9791,2018-12-23,13,30,6.0,28.6,19.9,0.0
9792,2018-12-23,13,45,3.0,28.6,19.9,0.0
9793,2018-12-23,14,0,5.0,28.6,19.9,0.0
9794,2018-12-23,14,15,2.0,28.6,19.9,0.0
9795,2018-12-23,14,45,8.0,28.6,19.9,0.0
9796,2018-12-23,15,0,9.0,28.6,19.9,0.0
9797,2018-12-23,15,30,14.0,28.6,19.9,0.0
9798,2018-12-23,15,45,8.0,28.6,19.9,0.0
9799,2018-12-23,16,15,2.0,28.6,19.9,0.0
9800,2018-12-23,16,30,3.0,28.6,19.9,0.0
9801,2018-12-23,16,45,2.0,28.6,19.9,0.0
9802,2018-12-23,17,0,3.0,28.6,19.9,0.0
9803,2018-12-23,17,30,4.0,28.6,19.9,0.0
9804,2018-12-23,18,0,4.0,28.6,19.9,0.0
9805,2018-12-23,18,15,13.0,28.6,19.9,0.0
9806,2018-12-23,18,30,3.0,28.6,19.9,0.0
9807,2018-12-23,18,45,9.0,28.6,19.9,0.0
9808,2018-12-23,19,0,4.0,28.6,19.9,0.0
9809,2018-12-23,19,15,13.0,28.6,19.9,0.0
10025,2018-12-29,6,45,1.0,30.5,19.4,0.0
10026,2018-12-29,7,0,1.0,30.5,19.4,0.0
10027,2018-12-29,7,45,2.0,30.5,19.4,0.0
10028,2018-12-29,8,30,2.0,30.5,19.4,0.0
10029,2018-12-29,8,45,4.0,30.5,19.4,0.0
10030,2018-12-29,9,0,2.0,30.5,19.4,0.0
10031,2018-12-29,9,15,1.0,30.5,19.4,0.0
10032,2018-12-29,9,30,2.0,30.5,19.4,0.0
10033,2018-12-29,9,45,7.0,30.5,19.4,0.0
10034,2018-12-29,10,0,5.0,30.5,19.4,0.0
10035,2018-12-29,10,15,5.0,30.5,19.4,0.0
10036,2018-12-29,10,45,6.0,30.5,19.4,0.0
10037,2018-12-29,11,15,2.0,30.5,19.4,0.0
10038,2018-12-29,11,30,4.0,30.5,19.4,0.0
10039,2018-12-29,11,45,8.0,30.5,19.4,0.0
10040,2018-12-29,12,0,5.0,30.5,19.4,0.0
10041,2018-12-29,12,15,5.0,30.5,19.4,0.0
10042,2018-12-29,12,45,1.0,30.5,19.4,0.0
10043,2018-12-29,13,0,1.0,30.5,19.4,0.0
10044,2018-12-29,13,15,2.0,30.5,19.4,0.0
10045,2018-12-29,13,45,7.0,30.5,19.4,0.0
10046,2018-12-29,14,0,3.0,30.5,19.4,0.0
10047,2018-12-29,14,15,2.0,30.5,19.4,0.0
10048,2018-12-29,14,30,4.0,30.5,19.4,0.0
10049,2018-12-29,15,15,3.0,30.5,19.4,0.0
10050,2018-12-29,15,45,8.0,30.5,19.4,0.0
10051,2018-12-29,16,0,6.0,30.5,19.4,0.0
10052,2018-12-29,16,30,5.0,30.5,19.4,0.0
10053,2018-12-29,16,45,7.0,30.5,19.4,0.0
10054,2018-12-29,17,0,7.0,30.5,19.4,0.0
10055,2018-12-29,17,15,4.0,30.5,19.4,0.0
10056,2018-12-29,17,30,11.0,30.5,19.4,0.0
10057,2018-12-29,18,0,8.0,30.5,19.4,0.0
10058,2018-12-29,18,15,2.0,30.5,19.4,0.0
10059,2018-12-29,18,30,12.0,30.5,19.4,0.0
10060,2018-12-29,19,0,17.0,30.5,19.4,0.0
10061,2018-12-30,7,15,3.0,30.6,22.6,0.0
10062,2018-12-30,7,45,2.0,30.6,22.6,0.0
10063,2018-12-30,8,30,1.0,30.6,22.6,0.0
10064,2018-12-30,8,45,3.0,30.6,22.6,0.0
10065,2018-12-30,9,0,1.0,30.6,22.6,0.0
10066,2018-12-30,9,15,2.0,30.6,22.6,0.0
10067,2018-12-30,9,30,1.0,30.6,22.6,0.0
10068,2018-12-30,9,45,5.0,30.6,22.6,0.0
10069,2018-12-30,10,0,1.0,30.6,22.6,0.0
10070,2018-12-30,10,30,4.0,30.6,22.6,0.0
10071,2018-12-30,11,0,5.0,30.6,22.6,0.0
10072,2018-12-30,11,15,10.0,30.6,22.6,0.0
10073,2018-12-30,11,30,5.0,30.6,22.6,0.0
10074,2018-12-30,11,45,3.0,30.6,22.6,0.0
10075,2018-12-30,12,0,3.0,30.6,22.6,0.0
10076,2018-12-30,12,30,9.0,30.6,22.6,0.0
10077,2018-12-30,12,45,1.0,30.6,22.6,0.0
10078,2018-12-30,13,15,2.0,30.6,22.6,0.0
10079,2018-12-30,13,30,6.0,30.6,22.6,0.0
10080,2018-12-30,13,45,1.0,30.6,22.6,0.0
10081,2018-12-30,14,15,5.0,30.6,22.6,0.0
10082,2018-12-30,14,45,1.0,30.6,22.6,0.0
10083,2018-12-30,15,0,2.0,30.6,22.6,0.0
10084,2018-12-30,15,15,3.0,30.6,22.6,0.0
10085,2018-12-30,15,30,4.0,30.6,22.6,0.0
10086,2018-12-30,15,45,6.0,30.6,22.6,0.0
10087,2018-12-30,16,0,7.0,30.6,22.6,0.0
10088,2018-12-30,16,15,1.0,30.6,22.6,0.0
10089,2018-12-30,16,30,3.0,30.6,22.6,0.0
10090,2018-12-30,16,45,6.0,30.6,22.6,0.0
10091,2018-12-30,17,0,3.0,30.6,22.6,0.0
10092,2018-12-30,17,30,5.0,30.6,22.6,0.0
10093,2018-12-30,17,45,16.0,30.6,22.6,0.0
10094,2018-12-30,18,0,9.0,30.6,22.6,0.0
10095,2018-12-30,18,30,7.0,30.6,22.6,0.0
10096,2018-12-30,18,45,20.0,30.6,22.6,0.0
10097,2018-12-30,19,0,9.0,30.6,22.6,0.0
10349,2019-01-05,7,0,6.0,30.9,20.9,0.2
10350,2019-01-05,7,45,2.0,30.9,20.9,0.2
10351,2019-01-05,8,0,1.0,30.9,20.9,0.2
10352,2019-01-05,8,15,4.0,30.9,20.9,0.2
10353,2019-01-05,8,30,2.0,30.9,20.9,0.2
10354,2019-01-05,9,0,6.0,30.9,20.9,0.2
10355,2019-01-05,9,15,3.0,30.9,20.9,0.2
10356,2019-01-05,9,45,2.0,30.9,20.9,0.2
10357,2019-01-05,10,0,1.0,30.9,20.9,0.2
10358,2019-01-05,10,15,3.0,30.9,20.9,0.2
10359,2019-01-05,10,30,3.0,30.9,20.9,0.2
10360,2019-01-05,11,0,1.0,30.9,20.9,0.2
10361,2019-01-05,11,15,6.0,30.9,20.9,0.2
10362,2019-01-05,11,30,4.0,30.9,20.9,0.2
10363,2019-01-05,12,0,1.0,30.9,20.9,0.2
10364,2019-01-05,12,15,3.0,30.9,20.9,0.2
10365,2019-01-05,12,30,14.0,30.9,20.9,0.2
10366,2019-01-05,12,45,2.0,30.9,20.9,0.2
10367,2019-01-05,13,0,6.0,30.9,20.9,0.2
10368,2019-01-05,13,15,7.0,30.9,20.9,0.2
10369,2019-01-05,13,30,17.0,30.9,20.9,0.2
10370,2019-01-05,13,45,1.0,30.9,20.9,0.2
10371,2019-01-05,14,0,5.0,30.9,20.9,0.2
10372,2019-01-05,14,15,5.0,30.9,20.9,0.2
10373,2019-01-05,14,30,11.0,30.9,20.9,0.2
10374,2019-01-05,14,45,6.0,30.9,20.9,0.2
10375,2019-01-05,15,0,12.0,30.9,20.9,0.2
10376,2019-01-05,15,15,7.0,30.9,20.9,0.2
10377,2019-01-05,15,30,9.0,30.9,20.9,0.2
10378,2019-01-05,15,45,18.0,30.9,20.9,0.2
10379,2019-01-05,16,0,2.0,30.9,20.9,0.2
10380,2019-01-05,16,15,8.0,30.9,20.9,0.2
10381,2019-01-05,16,30,13.0,30.9,20.9,0.2
10382,2019-01-05,16,45,8.0,30.9,20.9,0.2
10383,2019-01-05,17,0,3.0,30.9,20.9,0.2
10384,2019-01-05,17,15,5.0,30.9,20.9,0.2
10385,2019-01-05,17,30,5.0,30.9,20.9,0.2
10386,2019-01-05,17,45,1.0,30.9,20.9,0.2
10387,2019-01-05,18,0,8.0,30.9,20.9,0.2
10388,2019-01-05,18,15,11.0,30.9,20.9,0.2
10389,2019-01-05,18,30,7.0,30.9,20.9,0.2
10390,2019-01-05,18,45,8.0,30.9,20.9,0.2
10391,2019-01-05,19,0,7.0,30.9,20.9,0.2
10392,2019-01-06,8,15,2.0,31.3,24.0,0.0
10393,2019-01-06,8,30,1.0,31.3,24.0,0.0
10394,2019-01-06,8,45,2.0,31.3,24.0,0.0
10395,2019-01-06,9,0,4.0,31.3,24.0,0.0
10396,2019-01-06,9,45,5.0,31.3,24.0,0.0
10397,2019-01-06,10,0,5.0,31.3,24.0,0.0
10398,2019-01-06,10,30,3.0,31.3,24.0,0.0
10399,2019-01-06,11,0,1.0,31.3,24.0,0.0
10400,2019-01-06,11,15,5.0,31.3,24.0,0.0
10401,2019-01-06,12,0,7.0,31.3,24.0,0.0
10402,2019-01-06,12,15,9.0,31.3,24.0,0.0
10403,2019-01-06,12,30,8.0,31.3,24.0,0.0
10404,2019-01-06,12,45,5.0,31.3,24.0,0.0
10405,2019-01-06,13,0,10.0,31.3,24.0,0.0
10406,2019-01-06,13,15,8.0,31.3,24.0,0.0
10407,2019-01-06,13,30,8.0,31.3,24.0,0.0
10408,2019-01-06,13,45,8.0,31.3,24.0,0.0
10409,2019-01-06,14,15,6.0,31.3,24.0,0.0
10410,2019-01-06,14,45,5.0,31.3,24.0,0.0
10411,2019-01-06,15,15,4.0,31.3,24.0,0.0
10412,2019-01-06,15,30,5.0,31.3,24.0,0.0
10413,2019-01-06,15,45,6.0,31.3,24.0,0.0
10414,2019-01-06,16,0,5.0,31.3,24.0,0.0
10415,2019-01-06,16,30,4.0,31.3,24.0,0.0
10416,2019-01-06,16,45,7.0,31.3,24.0,0.0
10417,2019-01-06,17,0,9.0,31.3,24.0,0.0
10418,2019-01-06,17,30,7.0,31.3,24.0,0.0
10419,2019-01-06,17,45,16.0,31.3,24.0,0.0
10420,2019-01-06,18,0,7.0,31.3,24.0,0.0
10421,2019-01-06,18,30,3.0,31.3,24.0,0.0
10422,2019-01-06,18,45,12.0,31.3,24.0,0.0
10423,2019-01-06,19,0,8.0,31.3,24.0,0.0
10725,2019-01-12,7,0,1.0,31.7,20.2,0.0
10726,2019-01-12,7,15,1.0,31.7,20.2,0.0
10727,2019-01-12,7,30,3.0,31.7,20.2,0.0
10728,2019-01-12,8,15,5.0,31.7,20.2,0.0
10729,2019-01-12,8,30,1.0,31.7,20.2,0.0
10730,2019-01-12,8,45,2.0,31.7,20.2,0.0
10731,2019-01-12,9,0,1.0,31.7,20.2,0.0
10732,2019-01-12,9,15,5.0,31.7,20.2,0.0
10733,2019-01-12,9,45,2.0,31.7,20.2,0.0
10734,2019-01-12,10,0,7.0,31.7,20.2,0.0
10735,2019-01-12,10,30,2.0,31.7,20.2,0.0
10736,2019-01-12,10,45,4.0,31.7,20.2,0.0
10737,2019-01-12,11,0,5.0,31.7,20.2,0.0
10738,2019-01-12,11,30,5.0,31.7,20.2,0.0
10739,2019-01-12,11,45,2.0,31.7,20.2,0.0
10740,2019-01-12,12,0,9.0,31.7,20.2,0.0
10741,2019-01-12,12,15,2.0,31.7,20.2,0.0
10742,2019-01-12,12,30,8.0,31.7,20.2,0.0
10743,2019-01-12,13,0,11.0,31.7,20.2,0.0
10744,2019-01-12,13,15,7.0,31.7,20.2,0.0
10745,2019-01-12,13,30,7.0,31.7,20.2,0.0
10746,2019-01-12,13,45,8.0,31.7,20.2,0.0
10747,2019-01-12,14,0,19.0,31.7,20.2,0.0
10748,2019-01-12,14,15,3.0,31.7,20.2,0.0
10749,2019-01-12,14,30,13.0,31.7,20.2,0.0
10750,2019-01-12,14,45,6.0,31.7,20.2,0.0
10751,2019-01-12,15,0,10.0,31.7,20.2,0.0
10752,2019-01-12,15,15,6.0,31.7,20.2,0.0
10753,2019-01-12,15,30,13.0,31.7,20.2,0.0
10754,2019-01-12,15,45,14.0,31.7,20.2,0.0
10755,2019-01-12,16,0,10.0,31.7,20.2,0.0
10756,2019-01-12,16,15,10.0,31.7,20.2,0.0
10757,2019-01-12,16,30,25.0,31.7,20.2,0.0
10758,2019-01-12,16,45,2.0,31.7,20.2,0.0
10759,2019-01-12,17,0,13.0,31.7,20.2,0.0
10760,2019-01-12,17,15,5.0,31.7,20.2,0.0
10761,2019-01-12,17,30,11.0,31.7,20.2,0.0
10762,2019-01-12,17,45,26.0,31.7,20.2,0.0
10763,2019-01-12,18,0,1.0,31.7,20.2,0.0
10764,2019-01-12,18,15,12.0,31.7,20.2,0.0
10765,2019-01-12,18,30,14.0,31.7,20.2,0.0
10766,2019-01-12,18,45,3.0,31.7,20.2,0.0
10767,2019-01-12,19,0,1.0,31.7,20.2,0.0
10768,2019-01-12,19,15,13.0,31.7,20.2,0.0
10769,2019-01-13,7,0,2.0,32.1,20.8,0.0
10770,2019-01-13,7,15,2.0,32.1,20.8,0.0
10771,2019-01-13,8,15,2.0,32.1,20.8,0.0
10772,2019-01-13,9,0,4.0,32.1,20.8,0.0
10773,2019-01-13,9,15,9.0,32.1,20.8,0.0
10774,2019-01-13,9,45,2.0,32.1,20.8,0.0
10775,2019-01-13,10,0,3.0,32.1,20.8,0.0
10776,2019-01-13,10,15,1.0,32.1,20.8,0.0
10777,2019-01-13,10,30,2.0,32.1,20.8,0.0
10778,2019-01-13,10,45,9.0,32.1,20.8,0.0
10779,2019-01-13,11,0,6.0,32.1,20.8,0.0
10780,2019-01-13,11,30,6.0,32.1,20.8,0.0
10781,2019-01-13,11,45,5.0,32.1,20.8,0.0
10782,2019-01-13,12,15,11.0,32.1,20.8,0.0
10783,2019-01-13,12,30,4.0,32.1,20.8,0.0
10784,2019-01-13,12,45,5.0,32.1,20.8,0.0
10785,2019-01-13,13,15,5.0,32.1,20.8,0.0
10786,2019-01-13,13,30,4.0,32.1,20.8,0.0
10787,2019-01-13,13,45,1.0,32.1,20.8,0.0
10788,2019-01-13,14,15,12.0,32.1,20.8,0.0
10789,2019-01-13,14,30,6.0,32.1,20.8,0.0
10790,2019-01-13,15,0,3.0,32.1,20.8,0.0
10791,2019-01-13,15,30,3.0,32.1,20.8,0.0
10792,2019-01-13,15,45,3.0,32.1,20.8,0.0
10793,2019-01-13,16,0,5.0,32.1,20.8,0.0
10794,2019-01-13,16,15,5.0,32.1,20.8,0.0
10795,2019-01-13,16,30,1.0,32.1,20.8,0.0
10796,2019-01-13,16,45,10.0,32.1,20.8,0.0
10797,2019-01-13,17,0,7.0,32.1,20.8,0.0
10798,2019-01-13,17,15,1.0,32.1,20.8,0.0
10799,2019-01-13,17,30,7.0,32.1,20.8,0.0
10800,2019-01-13,17,45,8.0,32.1,20.8,0.0
10801,2019-01-13,18,15,9.0,32.1,20.8,0.0
10802,2019-01-13,18,30,14.0,32.1,20.8,0.0
10803,2019-01-13,19,0,5.0,32.1,20.8,0.0
10804,2019-01-13,19,15,20.0,32.1,20.8,0.0
11112,2019-01-19,7,0,3.0,32.9,21.7,0.0
11113,2019-01-19,7,15,1.0,32.9,21.7,0.0
11114,2019-01-19,7,30,1.0,32.9,21.7,0.0
11115,2019-01-19,7,45,1.0,32.9,21.7,0.0
11116,2019-01-19,8,0,1.0,32.9,21.7,0.0
11117,2019-01-19,8,15,1.0,32.9,21.7,0.0
11118,2019-01-19,8,30,2.0,32.9,21.7,0.0
11119,2019-01-19,8,45,1.0,32.9,21.7,0.0
11120,2019-01-19,9,0,3.0,32.9,21.7,0.0
11121,2019-01-19,9,15,2.0,32.9,21.7,0.0
11122,2019-01-19,9,30,1.0,32.9,21.7,0.0
11123,2019-01-19,9,45,2.0,32.9,21.7,0.0
11124,2019-01-19,10,0,5.0,32.9,21.7,0.0
11125,2019-01-19,10,15,4.0,32.9,21.7,0.0
11126,2019-01-19,10,45,1.0,32.9,21.7,0.0
11127,2019-01-19,11,0,4.0,32.9,21.7,0.0
11128,2019-01-19,11,15,6.0,32.9,21.7,0.0
11129,2019-01-19,11,30,7.0,32.9,21.7,0.0
11130,2019-01-19,11,45,4.0,32.9,21.7,0.0
11131,2019-01-19,12,15,7.0,32.9,21.7,0.0
11132,2019-01-19,12,30,3.0,32.9,21.7,0.0
11133,2019-01-19,12,45,3.0,32.9,21.7,0.0
11134,2019-01-19,13,0,1.0,32.9,21.7,0.0
11135,2019-01-19,13,15,20.0,32.9,21.7,0.0
11136,2019-01-19,13,30,10.0,32.9,21.7,0.0
11137,2019-01-19,14,0,11.0,32.9,21.7,0.0
11138,2019-01-19,14,15,8.0,32.9,21.7,0.0
11139,2019-01-19,14,30,9.0,32.9,21.7,0.0
11140,2019-01-19,14,45,10.0,32.9,21.7,0.0
11141,2019-01-19,15,0,4.0,32.9,21.7,0.0
11142,2019-01-19,15,15,24.0,32.9,21.7,0.0
11143,2019-01-19,15,30,9.0,32.9,21.7,0.0
11144,2019-01-19,15,45,10.0,32.9,21.7,0.0
11145,2019-01-19,16,0,7.0,32.9,21.7,0.0
11146,2019-01-19,16,15,7.0,32.9,21.7,0.0
11147,2019-01-19,16,30,7.0,32.9,21.7,0.0
11148,2019-01-19,16,45,5.0,32.9,21.7,0.0
11149,2019-01-19,17,0,24.0,32.9,21.7,0.0
11150,2019-01-19,17,15,4.0,32.9,21.7,0.0
11151,2019-01-19,17,30,5.0,32.9,21.7,0.0
11152,2019-01-19,18,0,4.0,32.9,21.7,0.0
11153,2019-01-19,18,15,7.0,32.9,21.7,0.0
11154,2019-01-19,18,30,20.0,32.9,21.7,0.0
11155,2019-01-19,19,0,35.0,32.9,21.7,0.0
11156,2019-01-20,7,0,1.0,33.0,22.0,0.0
11157,2019-01-20,7,15,1.0,33.0,22.0,0.0
11158,2019-01-20,8,15,2.0,33.0,22.0,0.0
11159,2019-01-20,8,45,4.0,33.0,22.0,0.0
11160,2019-01-20,9,0,2.0,33.0,22.0,0.0
11161,2019-01-20,9,15,3.0,33.0,22.0,0.0
11162,2019-01-20,9,30,1.0,33.0,22.0,0.0
11163,2019-01-20,9,45,4.0,33.0,22.0,0.0
11164,2019-01-20,10,15,2.0,33.0,22.0,0.0
11165,2019-01-20,10,30,9.0,33.0,22.0,0.0
11166,2019-01-20,10,45,5.0,33.0,22.0,0.0
11167,2019-01-20,11,15,7.0,33.0,22.0,0.0
11168,2019-01-20,11,45,7.0,33.0,22.0,0.0
11169,2019-01-20,12,15,10.0,33.0,22.0,0.0
11170,2019-01-20,12,45,11.0,33.0,22.0,0.0
11171,2019-01-20,13,0,3.0,33.0,22.0,0.0
11172,2019-01-20,13,15,3.0,33.0,22.0,0.0
11173,2019-01-20,13,30,3.0,33.0,22.0,0.0
11174,2019-01-20,13,45,5.0,33.0,22.0,0.0
11175,2019-01-20,14,0,4.0,33.0,22.0,0.0
11176,2019-01-20,14,15,4.0,33.0,22.0,0.0
11177,2019-01-20,14,30,4.0,33.0,22.0,0.0
11178,2019-01-20,14,45,13.0,33.0,22.0,0.0
11179,2019-01-20,15,0,1.0,33.0,22.0,0.0
11180,2019-01-20,15,15,1.0,33.0,22.0,0.0
11181,2019-01-20,15,30,1.0,33.0,22.0,0.0
11182,2019-01-20,15,45,15.0,33.0,22.0,0.0
11183,2019-01-20,16,0,14.0,33.0,22.0,0.0
11184,2019-01-20,16,15,3.0,33.0,22.0,0.0
11185,2019-01-20,16,45,6.0,33.0,22.0,0.0
11186,2019-01-20,17,0,3.0,33.0,22.0,0.0
11187,2019-01-20,17,15,14.0,33.0,22.0,0.0
11188,2019-01-20,17,30,4.0,33.0,22.0,0.0
11189,2019-01-20,17,45,5.0,33.0,22.0,0.0
11190,2019-01-20,18,0,14.0,33.0,22.0,0.0
11191,2019-01-20,18,15,15.0,33.0,22.0,0.0
11192,2019-01-20,18,30,6.0,33.0,22.0,0.0
11193,2019-01-20,18,45,6.0,33.0,22.0,0.0
11194,2019-01-20,19,0,8.0,33.0,22.0,0.0
11499,2019-01-26,7,15,3.0,33.0,24.2,0.2
11500,2019-01-26,8,15,2.0,33.0,24.2,0.2
11501,2019-01-26,8,45,3.0,33.0,24.2,0.2
11502,2019-01-26,9,15,9.0,33.0,24.2,0.2
11503,2019-01-26,9,45,3.0,33.0,24.2,0.2
11504,2019-01-26,10,0,5.0,33.0,24.2,0.2
11505,2019-01-26,10,30,4.0,33.0,24.2,0.2
11506,2019-01-26,11,0,14.0,33.0,24.2,0.2
11507,2019-01-26,11,30,28.0,33.0,24.2,0.2
11508,2019-01-26,12,0,6.0,33.0,24.2,0.2
11509,2019-01-26,12,15,17.0,33.0,24.2,0.2
11510,2019-01-26,12,45,8.0,33.0,24.2,0.2
11511,2019-01-26,13,15,2.0,33.0,24.2,0.2
11512,2019-01-26,13,45,7.0,33.0,24.2,0.2
11513,2019-01-26,14,15,12.0,33.0,24.2,0.2
11514,2019-01-26,14,45,5.0,33.0,24.2,0.2
11515,2019-01-26,15,15,8.0,33.0,24.2,0.2
11516,2019-01-26,15,30,8.0,33.0,24.2,0.2
11517,2019-01-26,15,45,4.0,33.0,24.2,0.2
11518,2019-01-26,16,15,11.0,33.0,24.2,0.2
11519,2019-01-26,16,30,18.0,33.0,24.2,0.2
11520,2019-01-26,16,45,7.0,33.0,24.2,0.2
11521,2019-01-26,17,15,9.0,33.0,24.2,0.2
11522,2019-01-26,17,30,12.0,33.0,24.2,0.2
11523,2019-01-26,17,45,12.0,33.0,24.2,0.2
11524,2019-01-26,18,15,18.0,33.0,24.2,0.2
11525,2019-01-26,18,30,12.0,33.0,24.2,0.2
11526,2019-01-26,18,45,7.0,33.0,24.2,0.2
11527,2019-01-26,19,15,7.0,33.0,24.2,0.2
11528,2019-01-27,6,45,1.0,32.5,23.5,0.0
11529,2019-01-27,7,15,3.0,32.5,23.5,0.0
11530,2019-01-27,7,45,1.0,32.5,23.5,0.0
11531,2019-01-27,8,30,2.0,32.5,23.5,0.0
11532,2019-01-27,8,45,1.0,32.5,23.5,0.0
11533,2019-01-27,9,0,2.0,32.5,23.5,0.0
11534,2019-01-27,9,15,1.0,32.5,23.5,0.0
11535,2019-01-27,9,30,11.0,32.5,23.5,0.0
11536,2019-01-27,10,0,4.0,32.5,23.5,0.0
11537,2019-01-27,10,15,2.0,32.5,23.5,0.0
11538,2019-01-27,10,30,12.0,32.5,23.5,0.0
11539,2019-01-27,11,0,5.0,32.5,23.5,0.0
11540,2019-01-27,11,30,12.0,32.5,23.5,0.0
11541,2019-01-27,12,0,7.0,32.5,23.5,0.0
11542,2019-01-27,12,15,7.0,32.5,23.5,0.0
11543,2019-01-27,12,30,16.0,32.5,23.5,0.0
11544,2019-01-27,12,45,3.0,32.5,23.5,0.0
11545,2019-01-27,13,0,2.0,32.5,23.5,0.0
11546,2019-01-27,13,15,1.0,32.5,23.5,0.0
11547,2019-01-27,13,30,9.0,32.5,23.5,0.0
11548,2019-01-27,13,45,4.0,32.5,23.5,0.0
11549,2019-01-27,14,15,2.0,32.5,23.5,0.0
11550,2019-01-27,14,30,6.0,32.5,23.5,0.0
11551,2019-01-27,14,45,3.0,32.5,23.5,0.0
11552,2019-01-27,15,0,2.0,32.5,23.5,0.0
11553,2019-01-27,15,15,2.0,32.5,23.5,0.0
11554,2019-01-27,15,30,8.0,32.5,23.5,0.0
11555,2019-01-27,16,0,12.0,32.5,23.5,0.0
11556,2019-01-27,16,15,1.0,32.5,23.5,0.0
11557,2019-01-27,16,30,4.0,32.5,23.5,0.0
11558,2019-01-27,16,45,1.0,32.5,23.5,0.0
11559,2019-01-27,17,0,21.0,32.5,23.5,0.0
11560,2019-01-27,17,30,12.0,32.5,23.5,0.0
11561,2019-01-27,18,0,15.0,32.5,23.5,0.0
11562,2019-01-27,18,30,11.0,32.5,23.5,0.0
11563,2019-01-27,18,45,3.0,32.5,23.5,0.0
11564,2019-01-27,19,0,21.0,32.5,23.5,0.0
11565,2019-01-27,19,15,1.0,32.5,23.5,0.0
11845,2019-02-02,8,0,2.0,32.2,22.9,1.0
11846,2019-02-02,8,30,3.0,32.2,22.9,1.0
11847,2019-02-02,9,0,5.0,32.2,22.9,1.0
11848,2019-02-02,9,15,4.0,32.2,22.9,1.0
11849,2019-02-02,9,30,6.0,32.2,22.9,1.0
11850,2019-02-02,9,45,2.0,32.2,22.9,1.0
11851,2019-02-02,10,0,4.0,32.2,22.9,1.0
11852,2019-02-02,10,15,1.0,32.2,22.9,1.0
11853,2019-02-02,10,30,5.0,32.2,22.9,1.0
11854,2019-02-02,11,0,1.0,32.2,22.9,1.0
11855,2019-02-02,11,30,13.0,32.2,22.9,1.0
11856,2019-02-02,12,0,5.0,32.2,22.9,1.0
11857,2019-02-02,12,15,8.0,32.2,22.9,1.0
11858,2019-02-02,12,30,11.0,32.2,22.9,1.0
11859,2019-02-02,13,0,3.0,32.2,22.9,1.0
11860,2019-02-02,13,15,6.0,32.2,22.9,1.0
11861,2019-02-02,13,30,26.0,32.2,22.9,1.0
11862,2019-02-02,13,45,1.0,32.2,22.9,1.0
11863,2019-02-02,14,0,16.0,32.2,22.9,1.0
11864,2019-02-02,14,15,17.0,32.2,22.9,1.0
11865,2019-02-02,14,45,16.0,32.2,22.9,1.0
11866,2019-02-02,15,0,4.0,32.2,22.9,1.0
11867,2019-02-02,15,15,6.0,32.2,22.9,1.0
11868,2019-02-02,15,45,6.0,32.2,22.9,1.0
11869,2019-02-02,16,0,4.0,32.2,22.9,1.0
11870,2019-02-02,16,15,8.0,32.2,22.9,1.0
11871,2019-02-02,16,30,23.0,32.2,22.9,1.0
11872,2019-02-02,16,45,5.0,32.2,22.9,1.0
11873,2019-02-02,17,15,10.0,32.2,22.9,1.0
11874,2019-02-02,17,30,4.0,32.2,22.9,1.0
11875,2019-02-02,17,45,18.0,32.2,22.9,1.0
11876,2019-02-02,18,0,4.0,32.2,22.9,1.0
11877,2019-02-02,18,15,18.0,32.2,22.9,1.0
11878,2019-02-02,18,30,13.0,32.2,22.9,1.0
11879,2019-02-02,18,45,4.0,32.2,22.9,1.0
11880,2019-02-02,19,0,10.0,32.2,22.9,1.0
11881,2019-02-02,19,15,10.0,32.2,22.9,1.0
11882,2019-02-03,7,0,1.0,31.4,21.5,1.4
11883,2019-02-03,7,45,4.0,31.4,21.5,1.4
11884,2019-02-03,8,45,3.0,31.4,21.5,1.4
11885,2019-02-03,9,15,2.0,31.4,21.5,1.4
11886,2019-02-03,9,45,3.0,31.4,21.5,1.4
11887,2019-02-03,10,15,1.0,31.4,21.5,1.4
11888,2019-02-03,10,30,4.0,31.4,21.5,1.4
11889,2019-02-03,11,0,1.0,31.4,21.5,1.4
11890,2019-02-03,11,30,3.0,31.4,21.5,1.4
11891,2019-02-03,11,45,2.0,31.4,21.5,1.4
11892,2019-02-03,12,0,6.0,31.4,21.5,1.4
11893,2019-02-03,12,15,10.0,31.4,21.5,1.4
11894,2019-02-03,12,30,10.0,31.4,21.5,1.4
11895,2019-02-03,12,45,13.0,31.4,21.5,1.4
11896,2019-02-03,13,0,6.0,31.4,21.5,1.4
11897,2019-02-03,13,30,6.0,31.4,21.5,1.4
11898,2019-02-03,13,45,9.0,31.4,21.5,1.4
11899,2019-02-03,14,15,9.0,31.4,21.5,1.4
11900,2019-02-03,14,45,6.0,31.4,21.5,1.4
11901,2019-02-03,15,0,1.0,31.4,21.5,1.4
11902,2019-02-03,15,30,4.0,31.4,21.5,1.4
11903,2019-02-03,15,45,13.0,31.4,21.5,1.4
11904,2019-02-03,16,15,4.0,31.4,21.5,1.4
11905,2019-02-03,16,30,18.0,31.4,21.5,1.4
11906,2019-02-03,16,45,14.0,31.4,21.5,1.4
11907,2019-02-03,17,0,1.0,31.4,21.5,1.4
11908,2019-02-03,17,15,15.0,31.4,21.5,1.4
11909,2019-02-03,17,30,13.0,31.4,21.5,1.4
11910,2019-02-03,17,45,16.0,31.4,21.5,1.4
11911,2019-02-03,18,15,13.0,31.4,21.5,1.4
11912,2019-02-03,18,30,17.0,31.4,21.5,1.4
11913,2019-02-03,18,45,11.0,31.4,21.5,1.4
11914,2019-02-03,19,0,1.0,31.4,21.5,1.4
11915,2019-02-03,19,15,8.0,31.4,21.5,1.4
12218,2019-02-09,6,45,2.0,33.0,21.9,0.2
12219,2019-02-09,7,15,7.0,33.0,21.9,0.2
12220,2019-02-09,7,30,1.0,33.0,21.9,0.2
12221,2019-02-09,8,0,5.0,33.0,21.9,0.2
12222,2019-02-09,8,30,1.0,33.0,21.9,0.2
12223,2019-02-09,8,45,4.0,33.0,21.9,0.2
12224,2019-02-09,9,0,6.0,33.0,21.9,0.2
12225,2019-02-09,9,15,1.0,33.0,21.9,0.2
12226,2019-02-09,9,30,10.0,33.0,21.9,0.2
12227,2019-02-09,9,45,3.0,33.0,21.9,0.2
12228,2019-02-09,10,0,6.0,33.0,21.9,0.2
12229,2019-02-09,10,15,2.0,33.0,21.9,0.2
12230,2019-02-09,10,45,5.0,33.0,21.9,0.2
12231,2019-02-09,11,0,14.0,33.0,21.9,0.2
12232,2019-02-09,11,15,5.0,33.0,21.9,0.2
12233,2019-02-09,11,30,1.0,33.0,21.9,0.2
12234,2019-02-09,11,45,7.0,33.0,21.9,0.2
12235,2019-02-09,12,0,8.0,33.0,21.9,0.2
12236,2019-02-09,12,15,4.0,33.0,21.9,0.2
12237,2019-02-09,12,30,2.0,33.0,21.9,0.2
12238,2019-02-09,12,45,14.0,33.0,21.9,0.2
12239,2019-02-09,13,0,12.0,33.0,21.9,0.2
12240,2019-02-09,13,30,2.0,33.0,21.9,0.2
12241,2019-02-09,13,45,6.0,33.0,21.9,0.2
12242,2019-02-09,14,0,7.0,33.0,21.9,0.2
12243,2019-02-09,14,15,8.0,33.0,21.9,0.2
12244,2019-02-09,14,30,9.0,33.0,21.9,0.2
12245,2019-02-09,14,45,15.0,33.0,21.9,0.2
12246,2019-02-09,15,0,1.0,33.0,21.9,0.2
12247,2019-02-09,15,15,11.0,33.0,21.9,0.2
12248,2019-02-09,15,30,2.0,33.0,21.9,0.2
12249,2019-02-09,15,45,15.0,33.0,21.9,0.2
12250,2019-02-09,16,15,8.0,33.0,21.9,0.2
12251,2019-02-09,16,30,2.0,33.0,21.9,0.2
12252,2019-02-09,16,45,2.0,33.0,21.9,0.2
12253,2019-02-09,17,0,7.0,33.0,21.9,0.2
12254,2019-02-09,17,15,14.0,33.0,21.9,0.2
12255,2019-02-09,17,30,11.0,33.0,21.9,0.2
12256,2019-02-09,17,45,6.0,33.0,21.9,0.2
12257,2019-02-09,18,0,12.0,33.0,21.9,0.2
12258,2019-02-09,18,30,19.0,33.0,21.9,0.2
12259,2019-02-09,18,45,1.0,33.0,21.9,0.2
12260,2019-02-09,19,0,11.0,33.0,21.9,0.2
12261,2019-02-09,19,15,12.0,33.0,21.9,0.2
12262,2019-02-10,6,45,2.0,32.8,22.5,0.0
12263,2019-02-10,7,15,1.0,32.8,22.5,0.0
12264,2019-02-10,7,30,1.0,32.8,22.5,0.0
12265,2019-02-10,8,30,2.0,32.8,22.5,0.0
12266,2019-02-10,8,45,2.0,32.8,22.5,0.0
12267,2019-02-10,9,15,4.0,32.8,22.5,0.0
12268,2019-02-10,9,30,5.0,32.8,22.5,0.0
12269,2019-02-10,9,45,2.0,32.8,22.5,0.0
12270,2019-02-10,10,0,3.0,32.8,22.5,0.0
12271,2019-02-10,10,15,12.0,32.8,22.5,0.0
12272,2019-02-10,10,30,1.0,32.8,22.5,0.0
12273,2019-02-10,11,15,10.0,32.8,22.5,0.0
12274,2019-02-10,11,30,6.0,32.8,22.5,0.0
12275,2019-02-10,11,45,4.0,32.8,22.5,0.0
12276,2019-02-10,12,0,22.0,32.8,22.5,0.0
12277,2019-02-10,12,15,2.0,32.8,22.5,0.0
12278,2019-02-10,12,30,6.0,32.8,22.5,0.0
12279,2019-02-10,12,45,6.0,32.8,22.5,0.0
12280,2019-02-10,13,15,4.0,32.8,22.5,0.0
12281,2019-02-10,13,30,6.0,32.8,22.5,0.0
12282,2019-02-10,13,45,3.0,32.8,22.5,0.0
12283,2019-02-10,14,0,2.0,32.8,22.5,0.0
12284,2019-02-10,14,15,10.0,32.8,22.5,0.0
12285,2019-02-10,14,30,5.0,32.8,22.5,0.0
12286,2019-02-10,14,45,9.0,32.8,22.5,0.0
12287,2019-02-10,15,0,1.0,32.8,22.5,0.0
12288,2019-02-10,15,15,16.0,32.8,22.5,0.0
12289,2019-02-10,15,30,1.0,32.8,22.5,0.0
12290,2019-02-10,15,45,5.0,32.8,22.5,0.0
12291,2019-02-10,16,0,6.0,32.8,22.5,0.0
12292,2019-02-10,16,15,1.0,32.8,22.5,0.0
12293,2019-02-10,16,30,4.0,32.8,22.5,0.0
12294,2019-02-10,16,45,14.0,32.8,22.5,0.0
12295,2019-02-10,17,0,11.0,32.8,22.5,0.0
12296,2019-02-10,17,15,7.0,32.8,22.5,0.0
12297,2019-02-10,17,30,2.0,32.8,22.5,0.0
12298,2019-02-10,17,45,15.0,32.8,22.5,0.0
12299,2019-02-10,18,0,3.0,32.8,22.5,0.0
12300,2019-02-10,18,15,12.0,32.8,22.5,0.0
12301,2019-02-10,18,30,12.0,32.8,22.5,0.0
12302,2019-02-10,18,45,25.0,32.8,22.5,0.0
12303,2019-02-10,19,0,16.0,32.8,22.5,0.0
12609,2019-02-16,7,30,5.0,30.9,20.9,0.0
12610,2019-02-16,7,45,7.0,30.9,20.9,0.0
12611,2019-02-16,8,0,1.0,30.9,20.9,0.0
12612,2019-02-16,8,30,8.0,30.9,20.9,0.0
12613,2019-02-16,8,45,2.0,30.9,20.9,0.0
12614,2019-02-16,9,0,2.0,30.9,20.9,0.0
12615,2019-02-16,9,30,6.0,30.9,20.9,0.0
12616,2019-02-16,9,45,2.0,30.9,20.9,0.0
12617,2019-02-16,10,0,8.0,30.9,20.9,0.0
12618,2019-02-16,10,15,9.0,30.9,20.9,0.0
12619,2019-02-16,10,30,9.0,30.9,20.9,0.0
12620,2019-02-16,10,45,4.0,30.9,20.9,0.0
12621,2019-02-16,11,0,10.0,30.9,20.9,0.0
12622,2019-02-16,11,15,3.0,30.9,20.9,0.0
12623,2019-02-16,11,45,11.0,30.9,20.9,0.0
12624,2019-02-16,12,0,11.0,30.9,20.9,0.0
12625,2019-02-16,12,15,6.0,30.9,20.9,0.0
12626,2019-02-16,12,30,16.0,30.9,20.9,0.0
12627,2019-02-16,12,45,4.0,30.9,20.9,0.0
12628,2019-02-16,13,0,22.0,30.9,20.9,0.0
12629,2019-02-16,13,15,1.0,30.9,20.9,0.0
12630,2019-02-16,13,30,11.0,30.9,20.9,0.0
12631,2019-02-16,13,45,3.0,30.9,20.9,0.0
12632,2019-02-16,14,0,24.0,30.9,20.9,0.0
12633,2019-02-16,14,15,16.0,30.9,20.9,0.0
12634,2019-02-16,14,30,14.0,30.9,20.9,0.0
12635,2019-02-16,14,45,14.0,30.9,20.9,0.0
12636,2019-02-16,15,15,14.0,30.9,20.9,0.0
12637,2019-02-16,15,30,13.0,30.9,20.9,0.0
12638,2019-02-16,15,45,12.0,30.9,20.9,0.0
12639,2019-02-16,16,0,4.0,30.9,20.9,0.0
12640,2019-02-16,16,30,12.0,30.9,20.9,0.0
12641,2019-02-16,16,45,3.0,30.9,20.9,0.0
12642,2019-02-16,17,0,14.0,30.9,20.9,0.0
12643,2019-02-16,17,15,5.0,30.9,20.9,0.0
12644,2019-02-16,17,30,35.0,30.9,20.9,0.0
12645,2019-02-16,17,45,1.0,30.9,20.9,0.0
12646,2019-02-16,18,0,26.0,30.9,20.9,0.0
12647,2019-02-16,18,15,5.0,30.9,20.9,0.0
12648,2019-02-16,18,30,20.0,30.9,20.9,0.0
12649,2019-02-16,18,45,8.0,30.9,20.9,0.0
12650,2019-02-16,19,0,6.0,30.9,20.9,0.0
12651,2019-02-16,19,15,19.0,30.9,20.9,0.0
12652,2019-02-17,8,0,1.0,32.0,20.0,0.0
12653,2019-02-17,8,30,1.0,32.0,20.0,0.0
12654,2019-02-17,9,0,3.0,32.0,20.0,0.0
12655,2019-02-17,9,15,9.0,32.0,20.0,0.0
12656,2019-02-17,9,30,1.0,32.0,20.0,0.0
12657,2019-02-17,9,45,8.0,32.0,20.0,0.0
12658,2019-02-17,10,0,9.0,32.0,20.0,0.0
12659,2019-02-17,10,30,6.0,32.0,20.0,0.0
12660,2019-02-17,10,45,1.0,32.0,20.0,0.0
12661,2019-02-17,11,0,5.0,32.0,20.0,0.0
12662,2019-02-17,11,15,16.0,32.0,20.0,0.0
12663,2019-02-17,11,30,11.0,32.0,20.0,0.0
12664,2019-02-17,11,45,7.0,32.0,20.0,0.0
12665,2019-02-17,12,0,9.0,32.0,20.0,0.0
12666,2019-02-17,12,15,11.0,32.0,20.0,0.0
12667,2019-02-17,12,45,10.0,32.0,20.0,0.0
12668,2019-02-17,13,0,7.0,32.0,20.0,0.0
12669,2019-02-17,13,30,10.0,32.0,20.0,0.0
12670,2019-02-17,13,45,18.0,32.0,20.0,0.0
12671,2019-02-17,14,0,42.0,32.0,20.0,0.0
12672,2019-02-17,14,15,35.0,32.0,20.0,0.0
12673,2019-02-17,14,30,5.0,32.0,20.0,0.0
12674,2019-02-17,14,45,19.0,32.0,20.0,0.0
12675,2019-02-17,15,0,17.0,32.0,20.0,0.0
12676,2019-02-17,15,15,2.0,32.0,20.0,0.0
12677,2019-02-17,15,30,3.0,32.0,20.0,0.0
12678,2019-02-17,15,45,7.0,32.0,20.0,0.0
12679,2019-02-17,16,0,5.0,32.0,20.0,0.0
12680,2019-02-17,16,15,21.0,32.0,20.0,0.0
12681,2019-02-17,16,45,8.0,32.0,20.0,0.0
12682,2019-02-17,17,15,19.0,32.0,20.0,0.0
12683,2019-02-17,17,30,1.0,32.0,20.0,0.0
12684,2019-02-17,17,45,6.0,32.0,20.0,0.0
12685,2019-02-17,18,15,10.0,32.0,20.0,0.0
12686,2019-02-17,18,30,4.0,32.0,20.0,0.0
12687,2019-02-17,18,45,10.0,32.0,20.0,0.0
12688,2019-02-17,19,0,12.0,32.0,20.0,0.0
12689,2019-02-17,19,15,6.0,32.0,20.0,0.0
13000,2019-02-23,7,0,2.0,31.9,21.5,0.0
13001,2019-02-23,7,15,1.0,31.9,21.5,0.0
13002,2019-02-23,7,30,10.0,31.9,21.5,0.0
13003,2019-02-23,7,45,5.0,31.9,21.5,0.0
13004,2019-02-23,8,0,3.0,31.9,21.5,0.0
13005,2019-02-23,8,15,4.0,31.9,21.5,0.0
13006,2019-02-23,8,30,5.0,31.9,21.5,0.0
13007,2019-02-23,8,45,4.0,31.9,21.5,0.0
13008,2019-02-23,9,0,8.0,31.9,21.5,0.0
13009,2019-02-23,9,15,11.0,31.9,21.5,0.0
13010,2019-02-23,9,30,1.0,31.9,21.5,0.0
13011,2019-02-23,10,0,7.0,31.9,21.5,0.0
13012,2019-02-23,10,15,14.0,31.9,21.5,0.0
13013,2019-02-23,10,30,1.0,31.9,21.5,0.0
13014,2019-02-23,10,45,23.0,31.9,21.5,0.0
13015,2019-02-23,11,0,8.0,31.9,21.5,0.0
13016,2019-02-23,11,15,13.0,31.9,21.5,0.0
13017,2019-02-23,11,30,16.0,31.9,21.5,0.0
13018,2019-02-23,12,0,28.0,31.9,21.5,0.0
13019,2019-02-23,12,15,12.0,31.9,21.5,0.0
13020,2019-02-23,12,30,5.0,31.9,21.5,0.0
13021,2019-02-23,12,45,31.0,31.9,21.5,0.0
13022,2019-02-23,13,0,1.0,31.9,21.5,0.0
13023,2019-02-23,13,15,38.0,31.9,21.5,0.0
13024,2019-02-23,13,45,40.0,31.9,21.5,0.0
13025,2019-02-23,14,0,24.0,31.9,21.5,0.0
13026,2019-02-23,14,15,3.0,31.9,21.5,0.0
13027,2019-02-23,14,30,15.0,31.9,21.5,0.0
13028,2019-02-23,14,45,26.0,31.9,21.5,0.0
13029,2019-02-23,15,0,53.0,31.9,21.5,0.0
13030,2019-02-23,15,15,1.0,31.9,21.5,0.0
13031,2019-02-23,15,30,51.0,31.9,21.5,0.0
13032,2019-02-23,15,45,21.0,31.9,21.5,0.0
13033,2019-02-23,16,0,12.0,31.9,21.5,0.0
13034,2019-02-23,16,15,2.0,31.9,21.5,0.0
13035,2019-02-23,16,30,23.0,31.9,21.5,0.0
13036,2019-02-23,16,45,32.0,31.9,21.5,0.0
13037,2019-02-23,17,0,8.0,31.9,21.5,0.0
13038,2019-02-23,17,15,41.0,31.9,21.5,0.0
13039,2019-02-23,17,30,38.0,31.9,21.5,0.0
13040,2019-02-23,17,45,40.0,31.9,21.5,0.0
13041,2019-02-23,18,0,4.0,31.9,21.5,0.0
13042,2019-02-23,18,15,24.0,31.9,21.5,0.0
13043,2019-02-23,18,30,43.0,31.9,21.5,0.0
13044,2019-02-23,18,45,38.0,31.9,21.5,0.0
13045,2019-02-23,19,0,8.0,31.9,21.5,0.0
13046,2019-02-23,19,15,9.0,31.9,21.5,0.0
13047,2019-02-24,6,45,1.0,30.7,20.8,0.0
13048,2019-02-24,7,15,1.0,30.7,20.8,0.0
13049,2019-02-24,7,45,3.0,30.7,20.8,0.0
13050,2019-02-24,8,15,3.0,30.7,20.8,0.0
13051,2019-02-24,8,30,1.0,30.7,20.8,0.0
13052,2019-02-24,8,45,8.0,30.7,20.8,0.0
13053,2019-02-24,9,0,1.0,30.7,20.8,0.0
13054,2019-02-24,9,15,2.0,30.7,20.8,0.0
13055,2019-02-24,9,30,11.0,30.7,20.8,0.0
13056,2019-02-24,10,0,9.0,30.7,20.8,0.0
13057,2019-02-24,10,15,5.0,30.7,20.8,0.0
13058,2019-02-24,10,30,22.0,30.7,20.8,0.0
13059,2019-02-24,10,45,2.0,30.7,20.8,0.0
13060,2019-02-24,11,0,18.0,30.7,20.8,0.0
13061,2019-02-24,11,30,12.0,30.7,20.8,0.0
13062,2019-02-24,11,45,3.0,30.7,20.8,0.0
13063,2019-02-24,12,0,3.0,30.7,20.8,0.0
13064,2019-02-24,12,15,13.0,30.7,20.8,0.0
13065,2019-02-24,12,30,8.0,30.7,20.8,0.0
13066,2019-02-24,12,45,25.0,30.7,20.8,0.0
13067,2019-02-24,13,15,19.0,30.7,20.8,0.0
13068,2019-02-24,13,30,16.0,30.7,20.8,0.0
13069,2019-02-24,13,45,57.0,30.7,20.8,0.0
13070,2019-02-24,14,15,10.0,30.7,20.8,0.0
13071,2019-02-24,14,30,10.0,30.7,20.8,0.0
13072,2019-02-24,14,45,15.0,30.7,20.8,0.0
13073,2019-02-24,15,0,1.0,30.7,20.8,0.0
13074,2019-02-24,15,15,12.0,30.7,20.8,0.0
13075,2019-02-24,15,30,19.0,30.7,20.8,0.0
13076,2019-02-24,16,0,30.0,30.7,20.8,0.0
13077,2019-02-24,16,15,10.0,30.7,20.8,0.0
13078,2019-02-24,16,30,17.0,30.7,20.8,0.0
13079,2019-02-24,16,45,21.0,30.7,20.8,0.0
13080,2019-02-24,17,0,20.0,30.7,20.8,0.0
13081,2019-02-24,17,15,24.0,30.7,20.8,0.0
13082,2019-02-24,17,30,20.0,30.7,20.8,0.0
13083,2019-02-24,17,45,7.0,30.7,20.8,0.0
13084,2019-02-24,18,0,11.0,30.7,20.8,0.0
13085,2019-02-24,18,15,21.0,30.7,20.8,0.0
13086,2019-02-24,18,30,14.0,30.7,20.8,0.0
13087,2019-02-24,18,45,12.0,30.7,20.8,0.0
13088,2019-02-24,19,0,11.0,30.7,20.8,0.0
13089,2019-02-24,19,15,23.0,30.7,20.8,0.0
20153,2019-06-30,7,15,1.0,25.0,12.6,0.6
20154,2019-06-30,7,30,1.0,25.0,12.6,0.6
20155,2019-06-30,8,0,4.0,25.0,12.6,0.6
20156,2019-06-30,8,15,1.0,25.0,12.6,0.6
20157,2019-06-30,8,30,5.0,25.0,12.6,0.6
20158,2019-06-30,8,45,1.0,25.0,12.6,0.6
20159,2019-06-30,9,0,3.0,25.0,12.6,0.6
20160,2019-06-30,9,15,2.0,25.0,12.6,0.6
20161,2019-06-30,9,30,2.0,25.0,12.6,0.6
20162,2019-06-30,9,45,4.0,25.0,12.6,0.6
20163,2019-06-30,10,0,4.0,25.0,12.6,0.6
20164,2019-06-30,10,15,3.0,25.0,12.6,0.6
20165,2019-06-30,10,30,8.0,25.0,12.6,0.6
20166,2019-06-30,10,45,3.0,25.0,12.6,0.6
20167,2019-06-30,11,0,5.0,25.0,12.6,0.6
20168,2019-06-30,11,15,7.0,25.0,12.6,0.6
20169,2019-06-30,11,30,2.0,25.0,12.6,0.6
20170,2019-06-30,11,45,14.0,25.0,12.6,0.6
20171,2019-06-30,12,0,9.0,25.0,12.6,0.6
20172,2019-06-30,12,15,15.0,25.0,12.6,0.6
20173,2019-06-30,12,30,12.0,25.0,12.6,0.6
20174,2019-06-30,12,45,8.0,25.0,12.6,0.6
20175,2019-06-30,13,0,5.0,25.0,12.6,0.6
20176,2019-06-30,13,15,11.0,25.0,12.6,0.6
20177,2019-06-30,13,30,1.0,25.0,12.6,0.6
20178,2019-06-30,13,45,10.0,25.0,12.6,0.6
20179,2019-06-30,14,0,11.0,25.0,12.6,0.6
20180,2019-06-30,14,15,11.0,25.0,12.6,0.6
20181,2019-06-30,14,30,13.0,25.0,12.6,0.6
20182,2019-06-30,14,45,1.0,25.0,12.6,0.6
20183,2019-06-30,15,0,6.0,25.0,12.6,0.6
20184,2019-06-30,15,15,6.0,25.0,12.6,0.6
20185,2019-06-30,15,30,16.0,25.0,12.6,0.6
20186,2019-06-30,15,45,5.0,25.0,12.6,0.6
20187,2019-06-30,16,0,1.0,25.0,12.6,0.6
20188,2019-06-30,16,15,9.0,25.0,12.6,0.6
20189,2019-06-30,16,30,18.0,25.0,12.6,0.6
20190,2019-06-30,16,45,18.0,25.0,12.6,0.6
20191,2019-06-30,17,15,6.0,25.0,12.6,0.6
20192,2019-06-30,17,30,24.0,25.0,12.6,0.6
20193,2019-06-30,17,45,8.0,25.0,12.6,0.6
20194,2019-06-30,18,0,1.0,25.0,12.6,0.6
20195,2019-06-30,18,15,12.0,25.0,12.6,0.6
20196,2019-06-30,18,30,12.0,25.0,12.6,0.6
20197,2019-06-30,18,45,16.0,25.0,12.6,0.6
20198,2019-06-30,19,15,7.0,25.0,12.6,0.6
